"State","County","Year","Days with AQI","Good Days","Moderate Days","Unhealthy for Sensitive Groups Days","Unhealthy Days","Very Unhealthy Days","Hazardous Days","Max AQI","90th Percentile AQI","Median AQI","Days CO","Days NO2","Days Ozone","Days PM2.5","Days PM10"
"Alabama","Calhoun",1992,60,60,0,0,0,0,0,43,35,22,0,0,0,0,60
"Alabama","Clay",1992,226,215,11,0,0,0,0,74,45,25,0,0,226,0,0
"Alabama","Colbert",1992,58,58,0,0,0,0,0,40,31,19,0,0,0,0,58
"Alabama","DeKalb",1992,349,263,71,13,2,0,0,169,77,38,0,0,343,0,6
"Alabama","Elmore",1992,272,211,49,11,1,0,0,159,77,41,0,0,272,0,0
"Alabama","Escambia",1992,59,58,1,0,0,0,0,55,44,24,0,0,0,0,59
"Alabama","Etowah",1992,61,57,4,0,0,0,0,63,48,26,0,0,0,0,61
"Alabama","Franklin",1992,60,60,0,0,0,0,0,44,33,19,0,0,0,0,60
"Alabama","Houston",1992,57,55,2,0,0,0,0,58,40,20,0,0,0,0,57
"Alabama","Jackson",1992,56,56,0,0,0,0,0,47,39,23,0,0,0,0,56
"Alabama","Jefferson",1992,366,228,112,19,7,0,0,195,90,43,97,0,189,0,80
"Alabama","Lawrence",1992,188,129,56,3,0,0,0,118,71,37,0,0,118,70,0
"Alabama","Madison",1992,366,275,72,15,4,0,0,185,80,38,14,141,205,0,6
"Alabama","Marengo",1992,51,51,0,0,0,0,0,43,33,21,0,0,0,0,51
"Alabama","Mobile",1992,290,221,58,11,0,0,0,150,71,38,0,0,255,0,35
"Alabama","Montgomery",1992,61,60,1,0,0,0,0,55,37,21,0,0,0,0,61
"Alabama","Morgan",1992,61,61,0,0,0,0,0,46,38,21,0,0,0,0,61
"Alabama","Pike",1992,55,54,1,0,0,0,0,70,31,19,0,0,0,0,55
"Alabama","Russell",1992,58,57,1,0,0,0,0,51,40,23,0,0,0,0,58
"Alabama","Shelby",1992,270,201,46,16,7,0,0,197,97,41,0,3,246,0,21
"Alabama","Sumter",1992,206,166,34,6,0,0,0,140,67,39,0,0,206,0,0
"Alabama","Talladega",1992,60,55,5,0,0,0,0,76,45,27,0,0,0,0,60
"Alabama","Tuscaloosa",1992,51,51,0,0,0,0,0,42,35,21,0,0,0,0,51
"Alabama","Walker",1992,52,52,0,0,0,0,0,44,35,22,0,0,0,0,52
"Alaska","Anchorage ",1992,364,175,172,13,2,0,2,461,87,52,143,0,0,0,221
"Alaska","Denali ",1992,354,354,0,0,0,0,0,48,41,31,0,0,350,4,0
"Alaska","Fairbanks North Star ",1992,265,201,60,4,0,0,0,115,70,33,168,0,0,0,97
"Alaska","Juneau ",1992,363,323,35,3,0,0,2,482,52,14,0,0,0,0,363
"Alaska","Sitka ",1992,351,350,1,0,0,0,0,68,16,7,0,0,0,0,351
"Arizona","Apache",1992,77,76,1,0,0,0,0,58,47,41,0,0,77,0,0
"Arizona","Cochise",1992,351,273,78,0,0,0,0,92,64,43,0,0,311,8,32
"Arizona","Coconino",1992,365,270,88,7,0,0,0,126,71,44,0,0,361,2,2
"Arizona","Gila",1992,116,107,9,0,0,0,0,66,47,23,0,0,0,59,57
"Arizona","Graham",1992,59,55,4,0,0,0,0,94,45,29,0,0,0,0,59
"Arizona","Maricopa",1992,366,80,206,65,14,1,0,209,129,74,116,23,220,0,7
"Arizona","Mohave",1992,32,32,0,0,0,0,0,34,27,18,0,0,0,32,0
"Arizona","Navajo",1992,110,107,3,0,0,0,0,73,27,18,0,0,0,68,42
"Arizona","Pima",1992,366,162,184,19,1,0,0,159,90,53,72,99,188,0,7
"Arizona","Santa Cruz",1992,53,30,23,0,0,0,0,100,69,44,0,0,0,0,53
"Arizona","Yavapai",1992,61,58,3,0,0,0,0,64,33,17,0,0,0,0,61
"Arizona","Yuma",1992,53,51,2,0,0,0,0,54,46,24,0,0,0,0,53
"Arkansas","Arkansas",1992,61,58,3,0,0,0,0,55,44,22,0,0,0,0,61
"Arkansas","Ashley",1992,60,56,4,0,0,0,0,60,48,22,0,0,0,0,60
"Arkansas","Clark",1992,357,307,47,3,0,0,0,122,58,38,0,0,357,0,0
"Arkansas","Craighead",1992,60,59,1,0,0,0,0,53,39,22,0,0,0,0,60
"Arkansas","Crittenden",1992,361,313,40,7,1,0,0,197,64,33,0,0,352,0,9
"Arkansas","Garland",1992,61,59,2,0,0,0,0,59,37,18,0,0,0,0,61
"Arkansas","Jefferson",1992,59,58,1,0,0,0,0,56,35,19,0,0,0,0,59
"Arkansas","Marion",1992,53,52,1,0,0,0,0,52,27,15,0,0,0,0,53
"Arkansas","Miller",1992,61,60,1,0,0,0,0,65,34,19,0,0,0,0,61
"Arkansas","Mississippi",1992,123,123,0,0,0,0,0,7,6,3,123,0,0,0,0
"Arkansas","Montgomery",1992,366,364,2,0,0,0,0,80,40,28,0,0,366,0,0
"Arkansas","Newton",1992,136,111,23,0,2,0,0,154,59,32,0,0,53,83,0
"Arkansas","Ouachita",1992,61,60,1,0,0,0,0,59,31,17,0,0,0,0,61
"Arkansas","Phillips",1992,60,60,0,0,0,0,0,48,41,24,0,0,0,0,60
"Arkansas","Polk",1992,54,53,1,0,0,0,0,62,37,18,0,0,0,0,54
"Arkansas","Pope",1992,61,60,1,0,0,0,0,55,35,20,0,0,0,0,61
"Arkansas","Pulaski",1992,366,280,76,10,0,0,0,129,64,40,0,59,296,0,11
"Arkansas","Sebastian",1992,288,287,1,0,0,0,0,54,34,21,0,248,0,0,40
"Arkansas","Union",1992,60,57,3,0,0,0,0,64,39,20,0,0,0,0,60
"Arkansas","Washington",1992,60,59,1,0,0,0,0,55,30,19,0,0,0,0,60
"Arkansas","White",1992,61,60,1,0,0,0,0,54,34,19,0,0,0,0,61
"California","Alameda",1992,366,280,69,14,3,0,0,164,74,38,10,161,189,0,6
"California","Amador",1992,245,126,62,49,8,0,0,200,126,48,27,0,218,0,0
"California","Butte",1992,366,263,83,20,0,0,0,122,87,38,27,115,210,0,14
"California","Colusa",1992,360,252,74,33,1,0,0,166,93,37,0,0,346,0,14
"California","Contra Costa",1992,366,288,68,8,2,0,0,166,61,40,19,141,197,0,9
"California","Del Norte",1992,360,354,5,1,0,0,0,102,40,31,0,0,335,25,0
"California","El Dorado",1992,366,140,142,59,23,2,0,207,140,59,94,1,251,17,3
"California","Fresno",1992,366,130,112,59,53,12,0,217,172,68,17,101,231,0,17
"California","Glenn",1992,290,171,77,38,4,0,0,156,115,44,0,0,268,0,22
"California","Humboldt",1992,117,117,0,0,0,0,0,37,28,19,0,0,117,0,0
"California","Imperial",1992,364,174,111,56,20,3,0,213,132,54,0,0,342,0,22
"California","Inyo",1992,363,296,60,3,1,2,1,422,67,42,28,0,320,0,15
"California","Kern",1992,366,118,93,61,88,6,0,210,174,84,2,80,268,0,16
"California","Kings",1992,349,241,99,9,0,0,0,126,82,38,0,0,307,0,42
"California","Lake",1992,286,284,2,0,0,0,0,58,39,28,0,0,270,0,16
"California","Los Angeles",1992,366,22,104,92,59,89,0,300,232,122,49,119,197,0,1
"California","Madera",1992,360,221,78,51,10,0,0,179,122,44,0,0,333,0,27
"California","Marin",1992,366,342,24,0,0,0,0,79,47,32,20,162,150,27,7
"California","Mariposa",1992,366,199,99,59,9,0,0,174,119,46,2,0,359,1,4
"California","Mendocino",1992,118,118,0,0,0,0,0,47,35,21,14,0,43,0,61
"California","Merced",1992,331,178,60,56,35,2,0,202,151,47,5,81,221,0,24
"California","Mono",1992,295,188,74,24,8,0,1,386,105,44,35,0,224,0,36
"California","Monterey",1992,366,331,32,3,0,0,0,150,48,38,0,60,305,0,1
"California","Napa",1992,364,335,29,0,0,0,0,100,47,32,46,99,209,0,10
"California","Nevada",1992,311,206,69,34,2,0,0,154,105,42,28,0,263,0,20
"California","Orange",1992,366,105,166,62,23,10,0,256,140,68,6,206,152,0,2
"California","Placer",1992,365,200,80,51,29,5,0,218,147,47,7,79,277,0,2
"California","Plumas",1992,87,77,10,0,0,0,0,83,52,26,0,0,30,0,57
"California","Riverside",1992,366,82,87,59,56,82,0,293,222,105,18,88,254,0,6
"California","Sacramento",1992,366,165,112,56,29,4,0,218,140,57,42,114,207,0,3
"California","San Benito",1992,366,267,72,25,2,0,0,159,87,40,0,0,360,6,0
"California","San Bernardino",1992,366,60,88,53,41,123,1,545,239,126,0,122,240,0,4
"California","San Diego",1992,366,83,134,86,57,6,0,229,174,89,7,117,241,0,1
"California","San Francisco",1992,366,333,33,0,0,0,0,89,47,33,117,190,44,0,15
"California","San Joaquin",1992,366,217,108,33,8,0,0,161,105,47,16,132,200,0,18
"California","San Luis Obispo",1992,366,284,73,7,2,0,0,182,67,42,0,70,292,0,4
"California","San Mateo",1992,366,321,45,0,0,0,0,100,57,33,7,262,89,0,8
"California","Santa Barbara",1992,366,121,175,54,14,2,0,221,126,64,14,33,314,0,5
"California","Santa Clara",1992,366,225,117,21,3,0,0,190,90,47,34,138,189,0,5
"California","Santa Cruz",1992,366,359,7,0,0,0,0,100,43,32,0,14,352,0,0
"California","Shasta",1992,366,256,79,23,8,0,0,164,93,41,6,16,332,0,12
"California","Siskiyou",1992,294,270,23,1,0,0,0,108,48,33,0,0,269,0,25
"California","Solano",1992,366,308,54,3,1,0,0,151,57,37,40,99,220,0,7
"California","Sonoma",1992,366,330,34,2,0,0,0,133,50,37,15,91,252,0,8
"California","Stanislaus",1992,366,199,112,46,9,0,0,192,122,47,18,146,184,0,18
"California","Sutter",1992,366,213,84,60,8,1,0,203,126,47,14,90,254,0,8
"California","Tehama",1992,348,235,74,32,7,0,0,164,108,43,0,0,337,0,11
"California","Tulare",1992,366,143,90,72,60,1,0,201,166,67,2,72,273,4,15
"California","Tuolumne",1992,355,251,74,29,1,0,0,179,93,39,6,0,349,0,0
"California","Ventura",1992,366,148,96,70,40,12,0,219,164,67,0,61,305,0,0
"California","Yolo",1992,352,238,84,24,6,0,0,177,93,40,10,0,318,0,24
"Colorado","Adams",1992,356,177,166,13,0,0,0,129,81,51,5,171,122,0,58
"Colorado","Alamosa",1992,356,324,32,0,0,0,0,76,50,22,0,0,0,18,338
"Colorado","Arapahoe",1992,366,194,165,7,0,0,0,147,77,50,10,218,138,0,0
"Colorado","Archuleta",1992,329,243,86,0,0,0,0,88,58,37,0,0,0,0,329
"Colorado","Boulder",1992,366,285,79,2,0,0,0,122,67,40,112,0,232,0,22
"Colorado","Delta",1992,173,152,21,0,0,0,0,68,53,27,0,0,0,0,173
"Colorado","Denver",1992,366,111,224,27,3,1,0,203,97,60,28,250,87,0,1
"Colorado","Douglas",1992,195,194,1,0,0,0,0,61,24,17,0,0,0,0,195
"Colorado","Eagle",1992,135,135,0,0,0,0,0,45,30,17,0,0,0,0,135
"Colorado","El Paso",1992,366,269,97,0,0,0,0,93,62,45,15,225,108,0,18
"Colorado","Fremont",1992,344,342,2,0,0,0,0,62,31,18,0,0,0,0,344
"Colorado","Garfield",1992,62,56,6,0,0,0,0,57,49,26,0,0,0,0,62
"Colorado","Gunnison",1992,349,278,71,0,0,0,0,100,58,45,0,0,329,0,20
"Colorado","Jefferson",1992,365,263,89,10,3,0,0,172,81,41,20,26,309,0,10
"Colorado","La Plata",1992,363,308,55,0,0,0,0,100,58,44,0,7,352,0,4
"Colorado","Larimer",1992,366,274,86,6,0,0,0,143,69,44,39,0,324,1,2
"Colorado","Lincoln",1992,33,33,0,0,0,0,0,34,29,17,0,0,0,0,33
"Colorado","Logan",1992,12,12,0,0,0,0,0,27,22,15,0,0,0,0,12
"Colorado","Mesa",1992,366,263,103,0,0,0,0,93,61,43,228,0,101,0,37
"Colorado","Montezuma",1992,99,99,0,0,0,0,0,25,17,11,0,0,0,99,0
"Colorado","Pitkin",1992,302,269,33,0,0,0,0,72,52,21,0,0,0,0,302
"Colorado","Prowers",1992,336,304,31,1,0,0,0,104,50,23,0,0,0,0,336
"Colorado","Pueblo",1992,57,56,1,0,0,0,0,54,43,22,0,0,0,0,57
"Colorado","Routt",1992,324,279,45,0,0,0,0,84,57,24,0,0,0,0,324
"Colorado","San Juan",1992,92,92,0,0,0,0,0,26,17,11,0,0,0,92,0
"Colorado","San Miguel",1992,308,245,63,0,0,0,0,77,55,32,0,0,0,0,308
"Colorado","Summit",1992,29,28,1,0,0,0,0,61,32,18,0,0,0,0,29
"Colorado","Weld",1992,364,305,58,1,0,0,0,105,60,36,98,0,231,0,35
"Connecticut","Fairfield",1992,366,275,63,18,7,3,0,208,90,40,65,159,138,0,4
"Connecticut","Hartford",1992,366,303,54,6,3,0,0,187,61,37,185,61,116,0,4
"Connecticut","Litchfield",1992,240,206,24,8,2,0,0,161,61,33,0,0,212,0,28
"Connecticut","Middlesex",1992,239,193,22,15,7,2,0,210,101,35,0,0,212,0,27
"Connecticut","New Haven",1992,366,229,117,11,9,0,0,195,84,45,36,123,112,0,95
"Connecticut","New London",1992,240,183,36,15,6,0,0,190,93,38,0,0,213,0,27
"Connecticut","Tolland",1992,213,158,31,14,8,2,0,212,101,39,0,0,213,0,0
"Connecticut","Windham",1992,57,56,1,0,0,0,0,55,32,14,0,0,0,0,57
"Country Of Mexico","CHIHUAHUA STATE",1992,333,204,106,16,6,1,0,207,91,45,124,0,155,0,54
"Delaware","Kent",1992,175,161,12,2,0,0,0,133,48,34,0,0,175,0,0
"Delaware","New Castle",1992,366,288,49,20,8,1,0,204,93,37,50,66,240,0,10
"Delaware","Sussex",1992,238,170,57,7,4,0,0,172,90,41,0,0,221,0,17
"District Of Columbia","District of Columbia",1992,366,186,158,21,1,0,0,159,90,49,16,204,68,77,1
"Florida","Bay",1992,16,16,0,0,0,0,0,47,42,21,0,0,0,0,16
"Florida","Brevard",1992,365,300,52,13,0,0,0,129,74,37,0,0,363,0,2
"Florida","Broward",1992,364,306,43,13,2,0,0,159,64,37,68,54,238,0,4
"Florida","Duval",1992,366,297,52,15,2,0,0,161,71,38,46,58,255,0,7
"Florida","Escambia",1992,366,263,74,22,7,0,0,185,97,40,0,0,365,0,1
"Florida","Gulf",1992,24,23,1,0,0,0,0,57,39,13,0,0,0,0,24
"Florida","Hillsborough",1992,366,261,84,21,0,0,0,150,84,40,12,42,304,0,8
"Florida","Lee",1992,364,327,28,9,0,0,0,126,51,33,0,0,364,0,0
"Florida","Leon",1992,204,160,37,7,0,0,0,129,80,38,0,0,204,0,0
"Florida","Liberty",1992,355,291,53,11,0,0,0,133,67,37,0,0,355,0,0
"Florida","Manatee",1992,361,298,51,12,0,0,0,143,77,36,0,0,361,0,0
"Florida","Miami-Dade",1992,363,291,58,11,3,0,0,179,67,38,28,87,215,22,11
"Florida","Okaloosa",1992,20,20,0,0,0,0,0,31,26,18,0,0,0,0,20
"Florida","Orange",1992,366,281,66,15,4,0,0,200,80,38,54,39,268,0,5
"Florida","Palm Beach",1992,366,352,14,0,0,0,0,77,42,27,23,154,177,0,12
"Florida","Pasco",1992,341,272,65,4,0,0,0,150,67,37,0,0,341,0,0
"Florida","Pinellas",1992,366,296,59,11,0,0,0,143,64,37,29,84,247,0,6
"Florida","Polk",1992,198,174,20,2,2,0,0,161,64,31,0,0,198,0,0
"Florida","Sarasota",1992,366,263,90,13,0,0,0,140,80,44,150,0,207,0,9
"Florida","Seminole",1992,361,297,55,8,1,0,0,159,71,34,0,0,358,0,3
"Florida","St. Johns",1992,120,110,10,0,0,0,0,90,47,32,0,0,120,0,0
"Florida","Volusia",1992,365,306,52,7,0,0,0,129,67,34,0,0,363,0,2
"Georgia","Charlton",1992,96,60,33,3,0,0,0,112,68,44,0,0,0,96,0
"Georgia","Chatham",1992,56,52,4,0,0,0,0,67,47,32,0,0,0,0,56
"Georgia","Chattooga",1992,22,22,0,0,0,0,0,41,30,21,0,0,0,0,22
"Georgia","Dawson",1992,267,198,62,6,1,0,0,156,77,42,0,0,267,0,0
"Georgia","DeKalb",1992,362,284,61,12,4,1,0,205,74,36,40,128,186,0,8
"Georgia","Douglas",1992,259,197,42,17,2,1,0,205,84,37,0,0,259,0,0
"Georgia","Fulton",1992,362,227,112,17,6,0,0,190,87,44,10,224,123,0,5
"Georgia","McIntosh",1992,267,227,29,11,0,0,0,143,67,36,0,0,267,0,0
"Georgia","Muscogee",1992,271,189,64,17,1,0,0,151,87,42,0,0,271,0,0
"Georgia","Paulding",1992,265,177,62,20,5,1,0,215,100,44,0,0,265,0,0
"Georgia","Pike",1992,364,275,70,15,4,0,0,185,80,39,0,0,364,0,0
"Georgia","Richmond",1992,263,216,36,11,0,0,0,150,71,34,0,0,263,0,0
"Georgia","Rockdale",1992,273,168,67,23,15,0,0,200,115,44,0,0,273,0,0
"Georgia","Spalding",1992,56,55,1,0,0,0,0,52,36,19,0,0,0,0,56
"Georgia","Sumter",1992,338,252,71,13,2,0,0,166,80,38,0,0,338,0,0
"Georgia","Washington",1992,59,51,8,0,0,0,0,63,52,23,0,0,0,0,59
"Hawaii","Hawaii",1992,347,338,9,0,0,0,0,85,35,24,0,0,312,35,0
"Hawaii","Honolulu",1992,366,361,4,1,0,0,0,105,33,24,131,5,186,0,44
"Hawaii","Kauai",1992,40,40,0,0,0,0,0,30,22,16,0,0,0,0,40
"Hawaii","Maui",1992,358,358,0,0,0,0,0,50,34,23,0,0,335,23,0
"Idaho","Ada",1992,366,265,101,0,0,0,0,93,63,40,326,0,0,0,40
"Idaho","Bannock",1992,154,91,63,0,0,0,0,98,63,43,0,0,0,0,154
"Idaho","Blaine",1992,14,14,0,0,0,0,0,31,26,22,0,0,0,0,14
"Idaho","Bonner",1992,151,134,15,1,0,0,1,361,53,24,0,0,0,0,151
"Idaho","Bonneville",1992,53,49,4,0,0,0,0,96,45,29,0,0,0,0,53
"Idaho","Butte",1992,128,126,2,0,0,0,0,61,36,31,0,0,84,44,0
"Idaho","Caribou",1992,43,39,4,0,0,0,0,100,49,23,0,0,0,0,43
"Idaho","Kootenai",1992,109,90,16,1,1,0,1,488,58,29,0,0,0,0,109
"Idaho","Lemhi",1992,54,38,16,0,0,0,0,91,62,37,0,0,0,0,54
"Idaho","Lewis",1992,56,43,13,0,0,0,0,69,58,31,0,0,0,0,56
"Idaho","Nez Perce",1992,61,57,4,0,0,0,0,58,46,29,0,0,0,0,61
"Idaho","Shoshone",1992,108,87,21,0,0,0,0,90,60,32,0,0,0,0,108
"Idaho","Twin Falls",1992,6,6,0,0,0,0,0,33,33,19,0,0,0,0,6
"Illinois","Adams",1992,338,310,19,7,2,0,0,156,48,30,0,0,312,0,26
"Illinois","Champaign",1992,356,327,25,3,1,0,0,156,48,30,0,0,332,0,24
"Illinois","Coles",1992,61,55,6,0,0,0,0,76,45,24,0,0,0,0,61
"Illinois","Cook",1992,366,196,149,17,0,4,0,212,84,50,8,208,53,0,97
"Illinois","DuPage",1992,364,346,17,1,0,0,0,126,43,25,0,0,333,0,31
"Illinois","Effingham",1992,203,148,45,9,1,0,0,154,80,44,0,0,203,0,0
"Illinois","Jackson",1992,55,51,4,0,0,0,0,81,43,24,0,0,0,0,55
"Illinois","Jersey",1992,195,139,43,11,2,0,0,182,84,42,0,0,195,0,0
"Illinois","Kane",1992,350,329,13,6,2,0,0,187,45,27,0,0,350,0,0
"Illinois","La Salle",1992,50,39,11,0,0,0,0,92,59,28,0,0,0,0,50
"Illinois","Lake",1992,352,321,19,10,1,1,0,218,48,29,0,0,352,0,0
"Illinois","Livingston",1992,217,176,31,9,1,0,0,156,80,38,0,0,217,0,0
"Illinois","Logan",1992,214,171,36,6,1,0,0,154,71,38,0,0,214,0,0
"Illinois","Macon",1992,360,298,53,8,1,0,0,156,64,34,0,0,279,0,81
"Illinois","Macoupin",1992,361,308,43,9,1,0,0,166,64,33,0,0,353,0,8
"Illinois","Madison",1992,366,253,83,26,4,0,0,177,90,41,32,0,300,0,34
"Illinois","McHenry",1992,291,266,20,4,1,0,0,166,49,31,0,0,291,0,0
"Illinois","Peoria",1992,366,260,95,9,2,0,0,159,66,44,259,0,106,0,1
"Illinois","Randolph",1992,366,273,78,15,0,0,0,150,69,39,0,0,247,0,119
"Illinois","Rock Island",1992,357,332,22,3,0,0,0,140,45,27,0,0,332,0,25
"Illinois","Saint Clair",1992,362,295,59,8,0,0,0,119,62,39,0,168,121,0,73
"Illinois","Sangamon",1992,366,319,39,7,1,0,0,151,54,32,72,0,283,0,11
"Illinois","Tazewell",1992,59,55,4,0,0,0,0,53,44,28,0,0,0,0,59
"Illinois","Will",1992,364,323,35,4,2,0,0,166,52,30,0,0,282,0,82
"Illinois","Winnebago",1992,366,328,23,13,2,0,0,159,54,31,64,0,291,0,11
"Indiana","Allen",1992,366,294,53,13,6,0,0,197,71,34,58,110,176,0,22
"Indiana","Clark",1992,208,129,65,12,2,0,0,185,93,45,0,0,179,0,29
"Indiana","Dubois",1992,56,52,4,0,0,0,0,55,44,26,0,0,0,0,56
"Indiana","Elkhart",1992,183,148,26,8,1,0,0,169,84,37,0,0,183,0,0
"Indiana","Hamilton",1992,176,115,48,11,2,0,0,190,90,44,0,0,176,0,0
"Indiana","Hancock",1992,181,125,43,11,2,0,0,172,87,44,0,0,181,0,0
"Indiana","Jasper",1992,55,54,1,0,0,0,0,89,26,17,0,0,0,0,55
"Indiana","Knox",1992,358,293,50,12,3,0,0,166,80,36,0,0,358,0,0
"Indiana","LaPorte",1992,179,128,34,12,3,2,0,210,100,43,0,0,179,0,0
"Indiana","Lake",1992,366,260,95,9,2,0,0,195,69,40,30,122,93,0,121
"Indiana","Madison",1992,61,59,2,0,0,0,0,51,35,20,0,0,0,0,61
"Indiana","Marion",1992,366,271,79,10,5,1,0,214,77,40,45,128,147,0,46
"Indiana","Montgomery",1992,10,10,0,0,0,0,0,37,37,25,0,0,0,0,10
"Indiana","Morgan",1992,365,320,38,5,2,0,0,151,58,26,16,180,159,0,10
"Indiana","Porter",1992,275,230,29,11,4,1,0,204,67,33,0,0,213,0,62
"Indiana","Spencer",1992,366,364,2,0,0,0,0,89,31,19,0,327,0,0,39
"Indiana","St. Joseph",1992,297,230,51,12,4,0,0,179,80,36,58,9,174,0,56
"Indiana","Switzerland",1992,8,8,0,0,0,0,0,25,25,21,1,7,0,0,0
"Indiana","Tippecanoe",1992,90,90,0,0,0,0,0,46,30,18,0,81,0,0,9
"Indiana","Vanderburgh",1992,364,286,60,17,1,0,0,182,74,35,164,0,178,0,22
"Indiana","Vermillion",1992,184,171,13,0,0,0,0,65,45,19,0,0,0,0,184
"Indiana","Vigo",1992,311,282,27,2,0,0,0,115,50,31,0,0,131,0,180
"Indiana","Wabash",1992,360,295,48,13,4,0,0,177,77,35,0,0,360,0,0
"Indiana","Warrick",1992,226,148,59,18,1,0,0,179,100,44,0,0,182,0,44
"Indiana","Wayne",1992,366,365,1,0,0,0,0,53,35,22,0,366,0,0,0
"Iowa","Black Hawk",1992,42,35,7,0,0,0,0,68,54,28,0,0,0,0,42
"Iowa","Cerro Gordo",1992,176,138,36,2,0,0,0,118,63,34,0,0,0,0,176
"Iowa","Clinton",1992,146,131,15,0,0,0,0,62,51,27,0,0,0,0,146
"Iowa","Delaware",1992,49,49,0,0,0,0,0,40,33,16,0,0,0,0,49
"Iowa","Linn",1992,366,338,23,5,0,0,0,133,48,28,56,0,261,0,49
"Iowa","Polk",1992,337,280,49,8,0,0,0,133,62,32,115,0,169,0,53
"Iowa","Scott",1992,325,269,36,16,4,0,0,182,74,35,0,0,293,0,32
"Iowa","Van Buren",1992,262,229,25,7,1,0,0,164,58,32,0,0,262,0,0
"Iowa","Woodbury",1992,42,40,2,0,0,0,0,70,41,19,0,0,0,0,42
"Kansas","Cloud",1992,29,29,0,0,0,0,0,44,42,30,0,0,0,0,29
"Kansas","Ford",1992,365,323,41,1,0,0,0,101,51,34,16,0,343,0,6
"Kansas","Johnson",1992,50,49,1,0,0,0,0,54,35,26,0,0,0,0,50
"Kansas","Montgomery",1992,85,82,3,0,0,0,0,54,43,28,0,0,85,0,0
"Kansas","Neosho",1992,56,54,2,0,0,0,0,52,43,27,0,0,0,0,56
"Kansas","Sedgwick",1992,366,315,47,4,0,0,0,143,54,37,68,0,270,0,28
"Kansas","Shawnee",1992,53,51,2,0,0,0,0,54,44,25,0,0,0,0,53
"Kansas","Sherman",1992,58,52,6,0,0,0,0,77,51,30,0,0,0,0,58
"Kansas","Wyandotte",1992,366,299,64,2,1,0,0,179,58,34,49,13,182,0,122
"Kentucky","Bell",1992,366,319,43,4,0,0,0,129,54,34,176,0,173,0,17
"Kentucky","Boone",1992,204,160,40,4,0,0,0,129,74,40,0,0,204,0,0
"Kentucky","Boyd",1992,366,287,68,9,2,0,0,159,68,37,8,163,155,0,40
"Kentucky","Bullitt",1992,289,256,33,0,0,0,0,100,54,34,0,129,140,0,20
"Kentucky","Campbell",1992,365,323,36,6,0,0,0,143,51,32,0,191,157,0,17
"Kentucky","Carter",1992,56,56,0,0,0,0,0,45,35,23,0,0,0,0,56
"Kentucky","Daviess",1992,366,300,60,6,0,0,0,136,64,35,23,145,186,0,12
"Kentucky","Edmonson",1992,355,259,88,8,0,0,0,122,72,39,0,0,276,79,0
"Kentucky","Fayette",1992,366,301,63,2,0,0,0,115,60,37,17,204,143,0,2
"Kentucky","Floyd",1992,56,56,0,0,0,0,0,45,38,23,0,0,0,0,56
"Kentucky","Graves",1992,211,182,29,0,0,0,0,97,54,39,0,0,211,0,0
"Kentucky","Greenup",1992,211,168,37,6,0,0,0,136,71,41,0,0,211,0,0
"Kentucky","Hancock",1992,208,137,56,14,1,0,0,172,84,44,0,0,208,0,0
"Kentucky","Hardin",1992,138,114,23,1,0,0,0,101,58,39,0,0,127,0,11
"Kentucky","Harlan",1992,60,57,3,0,0,0,0,63,47,30,0,0,0,0,60
"Kentucky","Henderson",1992,366,286,69,10,1,0,0,177,67,38,3,200,161,0,2
"Kentucky","Jefferson",1992,366,290,72,3,1,0,0,151,62,38,131,28,196,0,11
"Kentucky","Jessamine",1992,213,169,41,3,0,0,0,143,64,41,0,0,213,0,0
"Kentucky","Kenton",1992,366,304,54,8,0,0,0,147,61,35,134,74,148,0,10
"Kentucky","Lawrence",1992,238,184,52,1,1,0,0,151,67,41,0,0,209,0,29
"Kentucky","Livingston",1992,239,153,68,18,0,0,0,147,93,45,0,0,211,0,28
"Kentucky","Madison",1992,61,58,3,0,0,0,0,60,39,23,0,0,0,0,61
"Kentucky","Marshall",1992,57,54,3,0,0,0,0,63,44,20,0,0,0,0,57
"Kentucky","McCracken",1992,366,299,61,6,0,0,0,150,58,36,14,159,165,0,28
"Kentucky","McLean",1992,207,140,53,14,0,0,0,140,87,44,0,0,207,0,0
"Kentucky","Oldham",1992,211,175,34,2,0,0,0,122,61,37,0,0,211,0,0
"Kentucky","Perry",1992,240,195,40,4,1,0,0,156,64,38,0,0,208,0,32
"Kentucky","Pike",1992,240,213,26,1,0,0,0,115,51,37,0,0,209,0,31
"Kentucky","Pulaski",1992,215,173,39,3,0,0,0,140,61,38,0,0,202,0,13
"Kentucky","Simpson",1992,345,288,47,10,0,0,0,143,61,36,0,193,152,0,0
"Kentucky","Warren",1992,61,61,0,0,0,0,0,50,32,19,0,0,0,0,61
"Kentucky","Washington",1992,360,267,79,13,1,0,0,164,84,42,0,0,360,0,0
"Kentucky","Whitley",1992,59,59,0,0,0,0,0,43,36,21,0,0,0,0,59
"Louisiana","Beauregard",1992,360,319,33,7,1,0,0,182,54,33,0,0,360,0,0
"Louisiana","Bossier",1992,342,258,69,11,4,0,0,174,80,41,0,28,303,0,11
"Louisiana","Caddo",1992,360,254,88,17,1,0,0,154,84,41,0,0,356,0,4
"Louisiana","Calcasieu",1992,366,262,81,20,3,0,0,169,87,41,0,0,362,0,4
"Louisiana","East Baton Rouge",1992,366,234,98,26,7,1,0,203,100,45,3,87,273,0,3
"Louisiana","Grant",1992,346,335,11,0,0,0,0,84,44,31,0,0,346,0,0
"Louisiana","Iberville",1992,364,243,81,36,4,0,0,185,105,42,0,24,327,0,13
"Louisiana","Jefferson",1992,366,306,52,8,0,0,0,140,67,37,0,103,254,0,9
"Louisiana","Lafayette",1992,344,312,25,6,0,1,0,205,50,31,0,0,344,0,0
"Louisiana","Lafourche",1992,340,291,46,3,0,0,0,112,61,34,0,0,340,0,0
"Louisiana","Livingston",1992,346,313,25,7,1,0,0,161,50,17,0,180,166,0,0
"Louisiana","Orleans",1992,366,282,80,4,0,0,0,143,62,42,47,232,83,0,4
"Louisiana","Ouachita",1992,362,302,54,6,0,0,0,122,58,37,0,41,314,0,7
"Louisiana","Pointe Coupee",1992,352,310,33,8,0,1,0,202,58,34,0,0,352,0,0
"Louisiana","Rapides",1992,51,50,1,0,0,0,0,76,37,20,0,0,0,0,51
"Louisiana","St. Bernard",1992,353,285,55,10,3,0,0,174,74,33,0,0,353,0,0
"Louisiana","St. Charles",1992,355,307,34,13,1,0,0,195,61,31,0,0,355,0,0
"Louisiana","St. James",1992,359,345,10,3,1,0,0,156,46,25,0,0,359,0,0
"Louisiana","St. John the Baptist",1992,355,315,30,8,2,0,0,197,54,33,0,0,355,0,0
"Louisiana","St. Mary",1992,363,340,23,0,0,0,0,93,46,28,0,139,224,0,0
"Louisiana","West Baton Rouge",1992,363,293,55,11,3,1,0,220,71,37,0,155,201,0,7
"Maine","Androscoggin",1992,59,56,3,0,0,0,0,64,40,19,0,0,0,0,59
"Maine","Aroostook",1992,366,323,39,3,1,0,0,159,55,33,0,0,294,0,72
"Maine","Cumberland",1992,331,283,29,10,7,2,0,207,64,35,0,101,200,0,30
"Maine","Franklin",1992,183,181,2,0,0,0,0,57,26,14,0,0,0,0,183
"Maine","Hancock",1992,339,295,25,16,3,0,0,185,61,33,0,0,316,23,0
"Maine","Kennebec",1992,293,257,22,11,3,0,0,192,61,34,0,0,222,0,71
"Maine","Knox",1992,250,202,30,9,7,2,0,206,87,36,0,0,193,0,57
"Maine","Oxford",1992,248,233,10,4,1,0,0,159,44,23,0,0,127,0,121
"Maine","Penobscot",1992,273,247,23,2,1,0,0,156,47,31,0,0,174,0,99
"Maine","Somerset",1992,236,220,11,4,1,0,0,156,47,30,0,0,209,0,27
"Maine","Washington",1992,242,213,17,9,3,0,0,177,58,31,0,0,179,0,63
"Maine","York",1992,208,162,25,11,8,2,0,206,101,39,0,0,183,0,25
"Maryland","Allegany",1992,176,176,0,0,0,0,0,39,27,15,130,0,0,0,46
"Maryland","Anne Arundel",1992,241,143,56,27,15,0,0,195,122,45,0,0,212,0,29
"Maryland","Baltimore",1992,366,260,78,17,11,0,0,190,93,42,6,186,172,0,2
"Maryland","Baltimore (City)",1992,366,224,128,14,0,0,0,150,74,47,62,239,58,0,7
"Maryland","Carroll",1992,209,134,48,21,6,0,0,185,112,44,0,0,209,0,0
"Maryland","Cecil",1992,231,160,45,18,8,0,0,187,101,41,0,0,203,0,28
"Maryland","Charles",1992,204,129,57,14,3,1,0,212,100,44,0,0,204,0,0
"Maryland","Frederick",1992,60,60,0,0,0,0,0,46,38,27,0,0,0,0,60
"Maryland","Garrett",1992,56,56,0,0,0,0,0,46,40,24,0,0,0,0,56
"Maryland","Harford",1992,366,269,63,24,9,1,0,206,100,35,0,0,366,0,0
"Maryland","Kent",1992,205,130,48,20,7,0,0,182,108,45,0,0,205,0,0
"Maryland","Montgomery",1992,363,309,37,15,2,0,0,164,64,28,164,0,177,0,22
"Maryland","Prince George's",1992,366,267,59,30,10,0,0,195,105,36,90,0,264,0,12
"Maryland","Washington",1992,42,42,0,0,0,0,0,38,35,24,0,0,0,0,42
"Maryland","Wicomico",1992,61,61,0,0,0,0,0,42,31,19,0,0,0,0,61
"Massachusetts","Barnstable",1992,213,157,37,13,4,2,0,205,100,41,0,0,213,0,0
"Massachusetts","Berkshire",1992,152,117,22,9,3,1,0,222,97,39,0,0,152,0,0
"Massachusetts","Bristol",1992,241,170,48,15,8,0,0,195,97,41,0,0,214,0,27
"Massachusetts","Essex",1992,237,196,24,11,6,0,0,187,71,34,0,0,212,0,25
"Massachusetts","Hampden",1992,366,281,69,10,6,0,0,200,65,41,64,190,109,0,3
"Massachusetts","Hampshire",1992,358,290,35,23,8,2,0,206,93,39,0,45,312,0,1
"Massachusetts","Middlesex",1992,366,305,39,16,6,0,0,185,80,32,163,0,195,0,8
"Massachusetts","Norfolk",1992,366,338,27,1,0,0,0,102,49,36,0,364,0,0,2
"Massachusetts","Plymouth",1992,206,163,34,5,4,0,0,187,77,38,0,0,206,0,0
"Massachusetts","Suffolk",1992,366,223,130,8,5,0,0,187,73,47,4,321,39,0,2
"Massachusetts","Worcester",1992,366,277,60,19,7,3,0,207,86,42,17,215,132,0,2
"Michigan","Allegan",1992,67,61,6,0,0,0,0,90,49,29,0,0,35,0,32
"Michigan","Bay",1992,250,212,36,0,1,0,1,387,57,24,0,0,0,0,250
"Michigan","Benzie",1992,63,53,6,4,0,0,0,150,74,36,0,0,63,0,0
"Michigan","Berrien",1992,56,47,6,3,0,0,0,105,71,40,0,0,56,0,0
"Michigan","Calhoun",1992,60,58,2,0,0,0,0,56,40,24,0,0,0,0,60
"Michigan","Cass",1992,162,103,39,13,7,0,0,187,115,45,0,0,162,0,0
"Michigan","Cheboygan",1992,37,36,1,0,0,0,0,93,21,9,0,0,0,0,37
"Michigan","Clinton",1992,182,141,29,9,3,0,0,200,87,40,0,0,182,0,0
"Michigan","Delta",1992,122,87,25,7,2,1,0,206,93,42,0,0,122,0,0
"Michigan","Dickinson",1992,366,338,20,7,1,0,0,151,47,31,0,37,328,0,1
"Michigan","Genesee",1992,213,180,25,7,1,0,0,151,71,34,0,0,181,0,32
"Michigan","Gratiot",1992,365,365,0,0,0,0,0,36,7,5,365,0,0,0,0
"Michigan","Ingham",1992,183,151,23,8,1,0,0,190,71,36,0,0,183,0,0
"Michigan","Kalamazoo",1992,366,307,44,9,5,1,0,205,74,32,1,108,256,0,1
"Michigan","Kent",1992,366,308,45,10,3,0,0,166,64,30,152,0,179,0,35
"Michigan","Macomb",1992,366,327,25,12,2,0,0,159,51,24,185,0,181,0,0
"Michigan","Manistee",1992,361,313,32,16,0,0,0,150,58,32,0,0,361,0,0
"Michigan","Marquette",1992,61,61,0,0,0,0,0,49,27,9,0,0,0,0,61
"Michigan","Mason",1992,46,42,4,0,0,0,0,64,50,23,0,0,0,0,46
"Michigan","Midland",1992,366,363,3,0,0,0,0,86,29,17,0,326,0,0,40
"Michigan","Monroe",1992,59,58,1,0,0,0,0,59,35,19,0,0,0,0,59
"Michigan","Muskegon",1992,182,132,34,12,3,1,0,207,97,41,0,0,182,0,0
"Michigan","Oakland",1992,366,340,17,8,1,0,0,161,47,20,193,0,173,0,0
"Michigan","Ottawa",1992,116,83,21,9,3,0,0,179,105,42,0,0,116,0,0
"Michigan","Saginaw",1992,176,161,15,0,0,0,0,96,47,21,0,0,0,0,176
"Michigan","Sanilac",1992,38,38,0,0,0,0,0,45,28,13,0,0,0,0,38
"Michigan","St. Clair",1992,183,148,25,6,4,0,0,182,84,37,0,0,183,0,0
"Michigan","Tuscola",1992,356,312,30,12,2,0,0,169,61,33,0,0,356,0,0
"Michigan","Van Buren",1992,365,345,12,7,1,0,0,166,44,20,0,241,124,0,0
"Michigan","Washtenaw",1992,364,304,43,11,6,0,0,200,67,33,0,0,358,0,6
"Michigan","Wayne",1992,366,273,80,11,2,0,0,154,66,40,19,162,77,0,108
"Minnesota","Anoka",1992,361,339,14,7,1,0,0,164,45,29,0,0,361,0,0
"Minnesota","Carlton",1992,53,53,0,0,0,0,0,32,24,11,0,0,0,0,53
"Minnesota","Dakota",1992,341,321,14,5,1,0,0,185,45,30,0,30,298,0,13
"Minnesota","Hennepin",1992,366,328,36,2,0,0,0,116,51,38,169,179,0,0,18
"Minnesota","Koochiching",1992,358,343,15,0,0,0,0,97,44,31,0,0,358,0,0
"Minnesota","Lake",1992,273,263,10,0,0,0,0,80,39,17,0,160,0,76,37
"Minnesota","Olmsted",1992,324,310,14,0,0,0,0,58,43,30,306,0,0,0,18
"Minnesota","Ramsey",1992,366,308,57,1,0,0,0,102,55,38,212,63,0,0,91
"Minnesota","Saint Louis",1992,363,353,10,0,0,0,0,76,35,19,271,0,0,55,37
"Minnesota","Sherburne",1992,65,65,0,0,0,0,0,34,21,9,0,0,0,0,65
"Minnesota","Stearns",1992,57,57,0,0,0,0,0,50,41,25,57,0,0,0,0
"Minnesota","Washington",1992,193,167,17,8,1,0,0,169,64,34,0,0,193,0,0
"Minnesota","Wright",1992,317,316,1,0,0,0,0,57,33,16,0,317,0,0,0
"Mississippi","Adams",1992,264,223,37,4,0,0,0,126,58,37,0,0,264,0,0
"Mississippi","Coahoma",1992,59,59,0,0,0,0,0,41,35,18,0,0,0,0,59
"Mississippi","DeSoto",1992,270,205,53,11,1,0,0,156,77,39,0,0,270,0,0
"Mississippi","Hancock",1992,267,196,58,9,4,0,0,177,87,42,0,0,267,0,0
"Mississippi","Hinds",1992,341,310,29,2,0,0,0,101,49,32,64,0,252,0,25
"Mississippi","Jackson",1992,204,133,56,14,1,0,0,166,90,43,0,0,199,0,5
"Mississippi","Jones",1992,57,56,1,0,0,0,0,51,31,19,0,0,0,0,57
"Mississippi","Lamar",1992,274,208,62,4,0,0,0,133,77,43,0,0,274,0,0
"Mississippi","Lauderdale",1992,273,250,21,2,0,0,0,112,50,35,0,0,273,0,0
"Mississippi","Lee",1992,255,230,21,4,0,0,0,112,50,34,0,0,255,0,0
"Mississippi","Madison",1992,264,208,46,10,0,0,0,126,74,42,0,0,264,0,0
"Mississippi","Warren",1992,285,245,34,6,0,0,0,112,61,40,0,0,265,0,20
"Mississippi","Washington",1992,43,42,1,0,0,0,0,52,31,20,0,0,0,0,43
"Mississippi","Yalobusha",1992,358,289,56,13,0,0,0,136,71,38,0,0,358,0,0
"Missouri","Audrain",1992,58,57,1,0,0,0,0,52,30,16,0,0,0,0,58
"Missouri","Buchanan",1992,357,273,84,0,0,0,0,78,58,33,0,0,0,0,357
"Missouri","Clay",1992,366,271,78,16,1,0,0,179,80,41,12,109,245,0,0
"Missouri","Greene",1992,366,331,33,1,1,0,0,159,50,32,28,102,228,0,8
"Missouri","Jackson",1992,366,318,41,6,1,0,0,156,58,32,133,0,209,0,24
"Missouri","Jefferson",1992,249,191,42,12,4,0,0,179,87,40,0,0,225,0,24
"Missouri","Marion",1992,50,49,1,0,0,0,0,55,28,16,0,0,0,0,50
"Missouri","Monroe",1992,295,233,42,16,4,0,0,182,80,37,0,0,284,0,11
"Missouri","Platte",1992,366,324,37,4,1,0,0,192,52,30,0,140,226,0,0
"Missouri","Saint Charles",1992,358,288,48,17,5,0,0,195,77,35,0,85,269,0,4
"Missouri","Saint Louis",1992,366,232,103,21,9,1,0,207,97,45,6,228,131,0,1
"Missouri","St. Louis City",1992,366,268,88,10,0,0,0,126,66,42,9,267,73,0,17
"Missouri","Texas",1992,31,31,0,0,0,0,0,43,39,18,0,0,0,0,31
"Montana","Big Horn",1992,61,53,8,0,0,0,0,90,53,16,0,0,0,0,61
"Montana","Blaine",1992,150,135,15,0,0,0,0,76,52,17,0,0,0,0,150
"Montana","Broadwater",1992,234,223,10,1,0,0,0,123,42,18,0,0,0,0,234
"Montana","Cascade",1992,355,342,13,0,0,0,0,72,41,23,315,0,0,0,40
"Montana","Deer Lodge",1992,105,105,0,0,0,0,0,34,17,11,0,0,0,0,105
"Montana","Fergus",1992,87,82,5,0,0,0,0,68,34,13,0,0,0,0,87
"Montana","Flathead",1992,364,289,67,6,2,0,0,190,60,37,0,0,184,11,169
"Montana","Gallatin",1992,133,105,28,0,0,0,0,90,60,32,0,0,0,0,133
"Montana","Jefferson",1992,94,88,6,0,0,0,0,89,41,16,0,0,0,0,94
"Montana","Lake",1992,351,300,50,1,0,0,0,133,55,28,0,0,0,0,351
"Montana","Lewis and Clark",1992,180,157,23,0,0,0,0,85,53,30,0,0,0,0,180
"Montana","Lincoln",1992,154,100,54,0,0,0,0,93,66,42,0,0,0,0,154
"Montana","Madison",1992,179,173,6,0,0,0,0,69,27,11,0,0,0,0,179
"Montana","Missoula",1992,334,241,93,0,0,0,0,98,63,41,156,6,0,0,172
"Montana","Park",1992,92,88,3,0,1,0,0,177,21,10,0,0,0,0,92
"Montana","Phillips",1992,99,97,2,0,0,0,0,74,24,11,0,0,0,0,99
"Montana","Roosevelt",1992,13,13,0,0,0,0,0,44,27,12,0,0,0,0,13
"Montana","Rosebud",1992,366,349,16,1,0,0,0,114,38,21,0,124,0,0,242
"Montana","Sanders",1992,224,193,31,0,0,0,0,98,55,26,0,0,0,0,224
"Montana","Silver Bow",1992,327,279,47,1,0,0,0,106,54,22,0,0,0,0,327
"Montana","Stillwater",1992,90,90,0,0,0,0,0,31,15,8,0,0,0,0,90
"Montana","Yellowstone",1992,354,336,18,0,0,0,0,71,41,23,315,0,0,0,39
"Nebraska","Adams",1992,61,59,2,0,0,0,0,55,39,19,0,0,0,0,61
"Nebraska","Buffalo",1992,58,54,4,0,0,0,0,69,46,23,0,0,0,0,58
"Nebraska","Cass",1992,179,163,16,0,0,0,0,88,49,27,0,0,0,0,179
"Nebraska","Dawson",1992,55,51,4,0,0,0,0,62,47,23,0,0,0,0,55
"Nebraska","Douglas",1992,366,290,73,3,0,0,0,129,63,37,126,0,157,0,83
"Nebraska","Lancaster",1992,366,337,29,0,0,0,0,100,50,31,175,0,180,0,11
"Nebraska","Otoe",1992,57,54,3,0,0,0,0,60,42,21,0,0,0,0,57
"Nebraska","Scotts Bluff",1992,61,58,3,0,0,0,0,53,41,22,0,0,0,0,61
"Nevada","Carson City",1992,56,55,1,0,0,0,0,51,32,19,0,0,0,0,56
"Nevada","Clark",1992,366,117,208,39,2,0,0,151,101,61,52,151,159,0,4
"Nevada","Douglas",1992,366,291,73,2,0,0,0,108,67,41,0,49,310,0,7
"Nevada","Elko",1992,95,94,1,0,0,0,0,68,25,11,0,0,0,95,0
"Nevada","Lander",1992,60,59,1,0,0,0,0,65,41,30,0,0,0,0,60
"Nevada","Washoe",1992,365,195,159,11,0,0,0,119,84,50,54,0,242,0,69
"Nevada","White Pine",1992,59,59,0,0,0,0,0,43,26,15,0,0,0,59,0
"New Hampshire","Cheshire",1992,234,215,11,7,1,0,0,151,48,32,0,0,204,0,30
"New Hampshire","Coos",1992,281,236,40,4,1,0,0,159,54,36,0,0,87,0,194
"New Hampshire","Grafton",1992,357,338,11,6,2,0,0,166,46,32,0,0,357,0,0
"New Hampshire","Hillsborough",1992,366,308,45,8,5,0,0,169,69,35,106,81,178,0,1
"New Hampshire","Merrimack",1992,191,163,21,7,0,0,0,133,74,30,0,0,149,0,42
"New Hampshire","Rockingham",1992,363,323,22,13,4,1,0,202,54,31,0,165,187,0,11
"New Hampshire","Strafford",1992,61,60,1,0,0,0,0,64,28,15,0,0,0,0,61
"New Hampshire","Sullivan",1992,233,219,10,4,0,0,0,133,45,31,0,0,207,0,26
"New Jersey","Atlantic",1992,366,267,75,16,6,2,0,208,87,37,84,0,230,50,2
"New Jersey","Bergen",1992,365,248,106,10,1,0,0,169,70,42,31,281,40,0,13
"New Jersey","Burlington",1992,361,358,3,0,0,0,0,60,35,19,300,0,61,0,0
"New Jersey","Camden",1992,366,255,75,28,7,1,0,222,100,42,11,204,148,0,3
"New Jersey","Cumberland",1992,347,290,42,10,4,1,0,206,74,31,0,0,347,0,0
"New Jersey","Essex",1992,366,181,169,14,2,0,0,164,82,52,1,339,26,0,0
"New Jersey","Gloucester",1992,361,280,39,26,15,1,0,214,105,31,0,0,356,0,5
"New Jersey","Hudson",1992,366,192,140,26,7,1,0,206,99,49,146,139,76,0,5
"New Jersey","Hunterdon",1992,338,288,27,16,5,2,0,201,84,29,0,0,338,0,0
"New Jersey","Mercer",1992,366,282,45,21,14,4,0,229,101,34,0,0,357,0,9
"New Jersey","Middlesex",1992,365,309,34,16,4,2,0,218,67,30,104,0,248,0,13
"New Jersey","Monmouth",1992,366,305,40,15,5,1,0,218,74,34,124,0,242,0,0
"New Jersey","Morris",1992,365,282,57,17,9,0,0,182,87,40,88,60,217,0,0
"New Jersey","Ocean",1992,364,292,44,21,6,1,0,222,90,33,119,0,245,0,0
"New Jersey","Passaic",1992,60,58,2,0,0,0,0,51,39,21,0,0,0,0,60
"New Jersey","Union",1992,366,148,195,17,5,1,0,201,87,55,41,279,45,0,1
"New Jersey","Warren",1992,25,25,0,0,0,0,0,45,44,24,0,0,0,0,25
"New Mexico","Bernalillo",1992,366,216,144,6,0,0,0,119,77,49,68,77,206,0,15
"New Mexico","Chaves",1992,61,61,0,0,0,0,0,46,24,15,0,0,0,0,61
"New Mexico","Dona Ana",1992,366,233,118,15,0,0,0,140,76,46,40,0,259,0,67
"New Mexico","Eddy",1992,320,320,0,0,0,0,0,44,25,12,0,320,0,0,0
"New Mexico","Grant",1992,69,66,3,0,0,0,0,64,39,23,0,0,0,0,69
"New Mexico","Hidalgo",1992,58,58,0,0,0,0,0,31,16,8,0,0,0,0,58
"New Mexico","Lea",1992,59,59,0,0,0,0,0,35,25,15,0,0,0,0,59
"New Mexico","Los Alamos",1992,365,262,101,2,0,0,0,108,64,46,0,0,364,0,1
"New Mexico","Luna",1992,60,59,1,0,0,0,0,58,28,17,0,0,0,0,60
"New Mexico","McKinley",1992,61,59,2,0,0,0,0,52,33,19,0,0,0,0,61
"New Mexico","San Juan",1992,366,362,4,0,0,0,0,68,39,18,112,224,0,0,30
"New Mexico","Sandoval",1992,360,278,80,2,0,0,0,112,71,43,5,0,344,0,11
"New Mexico","Santa Fe",1992,364,361,3,0,0,0,0,56,25,14,251,0,0,0,113
"New Mexico","Taos",1992,171,166,5,0,0,0,0,67,37,19,0,0,0,0,171
"New Mexico","Valencia",1992,348,281,66,1,0,0,0,112,58,42,0,0,348,0,0
"New York","Albany",1992,347,307,31,5,4,0,0,174,55,31,0,13,321,0,13
"New York","Bronx",1992,305,242,57,6,0,0,0,122,65,33,0,129,146,0,30
"New York","Broome",1992,61,61,0,0,0,0,0,44,36,19,0,0,0,0,61
"New York","Chautauqua",1992,333,280,42,8,3,0,0,174,71,35,0,0,324,0,9
"New York","Chemung",1992,351,324,22,5,0,0,0,143,47,28,0,0,343,0,8
"New York","Dutchess",1992,299,264,24,4,7,0,0,195,64,34,0,0,299,0,0
"New York","Erie",1992,366,319,38,8,1,0,0,190,54,36,10,256,96,0,4
"New York","Essex",1992,366,276,66,16,6,2,0,209,80,43,0,0,366,0,0
"New York","Franklin",1992,56,56,0,0,0,0,0,45,26,16,0,0,0,0,56
"New York","Greene",1992,42,42,0,0,0,0,0,47,27,15,0,0,0,0,42
"New York","Hamilton",1992,357,325,24,7,1,0,0,159,49,33,0,0,357,0,0
"New York","Herkimer",1992,300,277,19,3,1,0,0,151,47,33,0,0,290,0,10
"New York","Jefferson",1992,251,210,30,8,3,0,0,190,67,38,0,0,251,0,0
"New York","Kings",1992,366,307,59,0,0,0,0,85,55,38,355,0,0,0,11
"New York","Madison",1992,353,304,39,8,2,0,0,166,58,34,0,0,353,0,0
"New York","Monroe",1992,366,341,22,3,0,0,0,122,47,28,84,0,263,0,19
"New York","Nassau",1992,366,315,50,1,0,0,0,103,54,33,111,240,0,0,15
"New York","New York",1992,366,113,223,23,6,1,0,202,93,56,232,77,50,0,7
"New York","Niagara",1992,366,327,30,6,3,0,0,182,54,32,15,0,335,0,16
"New York","Oneida",1992,355,328,21,5,1,0,0,154,48,31,0,0,347,0,8
"New York","Onondaga",1992,366,305,54,4,3,0,0,154,58,35,135,0,216,0,15
"New York","Putnam",1992,54,53,1,0,0,0,0,71,23,13,0,0,0,0,54
"New York","Queens",1992,269,244,21,3,1,0,0,197,49,22,0,0,269,0,0
"New York","Rensselaer",1992,60,58,2,0,0,0,0,55,31,19,0,0,0,0,60
"New York","Richmond",1992,161,151,6,2,2,0,0,197,44,28,0,0,124,0,37
"New York","Saratoga",1992,353,325,17,7,4,0,0,174,48,31,0,0,345,0,8
"New York","Schenectady",1992,366,330,26,6,4,0,0,187,50,29,54,0,301,0,11
"New York","Steuben",1992,57,57,0,0,0,0,0,41,31,19,0,0,0,0,57
"New York","Suffolk",1992,366,306,38,15,6,1,0,218,80,31,0,0,357,0,9
"New York","Tompkins",1992,364,311,37,12,4,0,0,179,74,35,0,0,364,0,0
"New York","Ulster",1992,344,294,36,7,7,0,0,169,64,35,0,0,335,0,9
"New York","Warren",1992,59,58,1,0,0,0,0,51,36,19,0,0,0,0,59
"New York","Wayne",1992,361,328,26,5,2,0,0,164,49,31,0,0,361,0,0
"New York","Westchester",1992,363,316,30,13,3,1,0,217,58,31,0,71,284,0,8
"North Carolina","Alexander",1992,7,7,0,0,0,0,0,23,23,17,0,0,0,0,7
"North Carolina","Avery",1992,358,266,82,9,1,0,0,159,77,44,0,0,358,0,0
"North Carolina","Buncombe",1992,235,211,23,1,0,0,0,101,51,36,0,0,207,0,28
"North Carolina","Burke",1992,319,289,27,3,0,0,0,108,50,36,0,0,319,0,0
"North Carolina","Cabarrus",1992,18,18,0,0,0,0,0,35,33,19,0,0,0,0,18
"North Carolina","Camden",1992,208,140,55,9,2,2,0,212,87,44,0,0,208,0,0
"North Carolina","Catawba",1992,12,12,0,0,0,0,0,47,38,27,0,0,0,0,12
"North Carolina","Chatham",1992,164,133,30,1,0,0,0,101,61,39,0,0,164,0,0
"North Carolina","Cumberland",1992,366,263,87,14,2,0,0,164,87,39,151,0,205,0,10
"North Carolina","Davidson",1992,19,19,0,0,0,0,0,47,34,24,0,0,0,0,19
"North Carolina","Davie",1992,218,119,76,20,3,0,0,164,101,49,0,0,214,0,4
"North Carolina","Duplin",1992,209,139,52,15,3,0,0,161,97,44,0,0,209,0,0
"North Carolina","Durham",1992,366,349,17,0,0,0,0,91,42,23,344,0,0,0,22
"North Carolina","Edgecombe",1992,18,18,0,0,0,0,0,35,32,21,0,0,0,0,18
"North Carolina","Forsyth",1992,366,236,102,26,2,0,0,179,93,44,85,87,191,0,3
"North Carolina","Gaston",1992,359,355,4,0,0,0,0,67,33,17,359,0,0,0,0
"North Carolina","Granville",1992,209,114,70,21,4,0,0,161,115,48,0,0,209,0,0
"North Carolina","Guilford",1992,366,291,66,9,0,0,0,143,71,37,165,0,197,0,4
"North Carolina","Halifax",1992,13,13,0,0,0,0,0,35,32,20,0,0,0,0,13
"North Carolina","Harnett",1992,58,56,2,0,0,0,0,64,36,24,0,0,0,0,58
"North Carolina","Haywood",1992,59,59,0,0,0,0,0,48,41,26,0,0,0,0,59
"North Carolina","Lincoln",1992,213,155,47,11,0,0,0,126,77,43,0,0,200,0,13
"North Carolina","Macon",1992,360,319,37,4,0,0,0,147,54,36,0,0,360,0,0
"North Carolina","Martin",1992,213,154,52,5,2,0,0,161,77,42,0,0,213,0,0
"North Carolina","McDowell",1992,58,58,0,0,0,0,0,45,36,24,0,0,0,0,58
"North Carolina","Mecklenburg",1992,366,217,106,36,7,0,0,197,105,45,120,64,179,0,3
"North Carolina","Mitchell",1992,53,52,1,0,0,0,0,51,39,22,0,0,0,0,53
"North Carolina","Montgomery",1992,362,254,90,15,3,0,0,166,87,42,0,0,362,0,0
"North Carolina","New Hanover",1992,234,179,43,10,2,0,0,169,90,40,0,0,207,0,27
"North Carolina","Onslow",1992,60,59,1,0,0,0,0,58,33,19,0,0,0,0,60
"North Carolina","Pasquotank",1992,61,56,5,0,0,0,0,67,32,19,0,0,0,0,61
"North Carolina","Person",1992,204,140,56,7,1,0,0,172,84,44,0,0,204,0,0
"North Carolina","Pitt",1992,219,160,48,11,0,0,0,150,87,43,0,0,209,0,10
"North Carolina","Rowan",1992,4,4,0,0,0,0,0,19,19,16,0,0,0,0,4
"North Carolina","Wake",1992,366,240,108,18,0,0,0,147,87,43,104,78,182,0,2
"North Carolina","Wayne",1992,61,60,1,0,0,0,0,51,33,21,0,0,0,0,61
"North Carolina","Wilson",1992,17,17,0,0,0,0,0,40,33,18,0,0,0,0,17
"North Carolina","Yancey",1992,169,89,67,12,1,0,0,151,93,50,0,0,169,0,0
"North Dakota","Burleigh",1992,60,59,1,0,0,0,0,66,28,16,0,0,0,0,60
"North Dakota","Cass",1992,190,189,1,0,0,0,0,52,27,14,143,0,0,0,47
"North Dakota","Grand Forks",1992,174,166,7,1,0,0,0,106,36,19,0,102,0,0,72
"North Dakota","McKenzie",1992,190,183,7,0,0,0,0,67,47,38,0,0,181,0,9
"North Dakota","McLean",1992,62,58,4,0,0,0,0,59,44,16,0,0,0,0,62
"North Dakota","Mercer",1992,366,343,21,2,0,0,0,108,47,31,0,26,340,0,0
"North Dakota","Oliver",1992,307,296,11,0,0,0,0,100,45,24,0,148,159,0,0
"North Dakota","Stark",1992,60,60,0,0,0,0,0,31,19,10,0,0,0,0,60
"North Dakota","Williams",1992,61,61,0,0,0,0,0,24,18,10,0,0,0,0,61
"Ohio","Adams",1992,59,59,0,0,0,0,0,44,33,19,0,0,0,0,59
"Ohio","Allen",1992,217,160,40,15,2,0,0,174,87,41,0,0,199,0,18
"Ohio","Ashtabula",1992,205,141,37,23,4,0,0,190,108,42,0,0,205,0,0
"Ohio","Athens",1992,57,56,1,0,0,0,0,52,31,19,0,0,0,0,57
"Ohio","Belmont",1992,82,77,5,0,0,0,0,64,44,22,0,0,0,0,82
"Ohio","Butler",1992,366,282,69,10,5,0,0,166,74,38,0,0,318,0,48
"Ohio","Clark",1992,214,157,44,11,2,0,0,179,84,42,0,0,214,0,0
"Ohio","Clermont",1992,237,195,37,5,0,0,0,115,64,36,0,0,205,0,32
"Ohio","Clinton",1992,209,125,69,14,1,0,0,154,90,44,0,0,209,0,0
"Ohio","Columbiana",1992,365,312,53,0,0,0,0,98,53,33,0,241,0,0,124
"Ohio","Crawford",1992,361,283,53,18,7,0,0,174,80,37,0,0,361,0,0
"Ohio","Cuyahoga",1992,366,205,144,11,6,0,0,177,77,47,82,138,60,0,86
"Ohio","Fayette",1992,357,286,56,13,2,0,0,159,77,37,0,0,357,0,0
"Ohio","Franklin",1992,366,303,51,12,0,0,0,136,63,34,89,0,181,0,96
"Ohio","Greene",1992,60,59,1,0,0,0,0,51,33,21,0,0,0,0,60
"Ohio","Hamilton",1992,366,251,107,7,1,0,0,166,67,44,9,239,81,0,37
"Ohio","Hancock",1992,56,56,0,0,0,0,0,44,39,26,0,0,0,0,56
"Ohio","Jackson",1992,59,57,2,0,0,0,0,51,40,22,0,0,0,0,59
"Ohio","Jefferson",1992,366,223,127,15,1,0,0,151,77,44,10,58,124,0,174
"Ohio","Knox",1992,205,139,52,11,3,0,0,197,97,41,0,0,205,0,0
"Ohio","Lake",1992,331,254,47,25,5,0,0,179,90,35,106,0,213,0,12
"Ohio","Lawrence",1992,203,155,38,8,2,0,0,161,80,36,0,0,165,0,38
"Ohio","Licking",1992,206,124,62,15,5,0,0,164,100,46,0,0,206,0,0
"Ohio","Logan",1992,213,142,49,16,5,1,0,214,101,45,0,0,213,0,0
"Ohio","Lorain",1992,280,235,34,10,1,0,0,159,67,32,0,0,199,0,81
"Ohio","Lucas",1992,365,318,33,12,2,0,0,174,58,31,153,0,191,0,21
"Ohio","Madison",1992,210,144,50,14,2,0,0,156,97,44,0,0,210,0,0
"Ohio","Mahoning",1992,365,317,34,9,5,0,0,187,61,30,24,0,181,0,160
"Ohio","Medina",1992,212,169,32,10,1,0,0,151,67,39,0,0,212,0,0
"Ohio","Montgomery",1992,366,344,19,2,1,0,0,154,46,27,157,0,174,0,35
"Ohio","Noble",1992,60,52,8,0,0,0,0,64,53,28,0,0,0,0,60
"Ohio","Ottawa",1992,57,57,0,0,0,0,0,42,29,22,0,0,0,0,57
"Ohio","Pickaway",1992,302,301,1,0,0,0,0,52,31,20,0,302,0,0,0
"Ohio","Portage",1992,206,155,34,11,6,0,0,192,84,39,0,0,206,0,0
"Ohio","Preble",1992,210,189,17,4,0,0,0,126,51,34,0,0,210,0,0
"Ohio","Richland",1992,166,162,4,0,0,0,0,59,36,23,0,0,0,0,166
"Ohio","Sandusky",1992,183,166,17,0,0,0,0,69,50,28,0,0,0,0,183
"Ohio","Scioto",1992,301,281,20,0,0,0,0,67,47,28,0,0,0,0,301
"Ohio","Seneca",1992,108,101,7,0,0,0,0,86,34,18,0,0,0,0,108
"Ohio","Stark",1992,365,291,51,17,6,0,0,177,80,33,49,0,202,0,114
"Ohio","Summit",1992,366,319,31,12,4,0,0,182,58,30,51,0,238,0,77
"Ohio","Trumbull",1992,290,216,50,15,9,0,0,195,93,40,0,0,211,0,79
"Ohio","Tuscarawas",1992,13,13,0,0,0,0,0,39,38,19,0,0,0,0,13
"Ohio","Union",1992,214,142,52,16,4,0,0,182,97,44,0,0,214,0,0
"Ohio","Warren",1992,214,144,54,14,2,0,0,166,93,44,0,0,214,0,0
"Ohio","Washington",1992,207,141,50,12,2,2,0,210,100,44,0,0,207,0,0
"Ohio","Wyandot",1992,148,138,10,0,0,0,0,73,41,21,0,0,0,0,148
"Oklahoma","Carter",1992,55,53,2,0,0,0,0,63,41,24,0,0,0,0,55
"Oklahoma","Cleveland",1992,364,333,28,3,0,0,0,115,49,34,13,97,247,0,7
"Oklahoma","Comanche",1992,253,253,0,0,0,0,0,49,32,14,136,78,0,0,39
"Oklahoma","Kay",1992,47,45,2,0,0,0,0,54,42,25,0,0,0,0,47
"Oklahoma","Mayes",1992,49,49,0,0,0,0,0,45,41,22,0,0,0,0,49
"Oklahoma","McClain",1992,356,308,44,4,0,0,0,129,58,37,0,0,356,0,0
"Oklahoma","Muskogee",1992,350,347,3,0,0,0,0,57,30,17,0,312,0,0,38
"Oklahoma","Oklahoma",1992,366,271,82,12,1,0,0,179,74,42,39,64,260,0,3
"Oklahoma","Tulsa",1992,366,237,111,17,1,0,0,156,87,44,15,97,249,0,5
"Oklahoma","Woodward",1992,55,55,0,0,0,0,0,45,37,20,0,0,0,0,55
"Oregon","Clackamas",1992,186,147,27,7,5,0,0,182,71,34,0,0,153,0,33
"Oregon","Columbia",1992,150,131,17,2,0,0,0,105,54,33,0,0,150,0,0
"Oregon","Deschutes",1992,218,160,58,0,0,0,0,93,59,42,135,0,0,0,83
"Oregon","Douglas",1992,151,133,18,0,0,0,0,66,52,26,0,0,0,0,151
"Oregon","Jackson",1992,366,208,138,19,1,0,0,154,78,47,165,0,125,0,76
"Oregon","Josephine",1992,233,157,76,0,0,0,0,89,65,43,182,0,0,0,51
"Oregon","Klamath",1992,263,198,64,1,0,0,0,134,60,33,90,0,0,38,135
"Oregon","Lake",1992,225,186,38,1,0,0,0,101,62,26,0,0,0,0,225
"Oregon","Lane",1992,366,267,91,8,0,0,0,150,70,41,140,0,132,0,94
"Oregon","Linn",1992,4,4,0,0,0,0,0,46,46,43,0,0,0,0,4
"Oregon","Marion",1992,130,77,53,0,0,0,0,93,71,45,130,0,0,0,0
"Oregon","Multnomah",1992,363,290,73,0,0,0,0,86,60,37,319,29,0,0,15
"Oregon","Umatilla",1992,204,170,34,0,0,0,0,90,57,31,0,0,0,0,204
"Oregon","Union",1992,173,150,23,0,0,0,0,83,52,31,0,0,0,0,173
"Pennsylvania","Adams",1992,356,275,60,20,1,0,0,187,93,34,0,0,356,0,0
"Pennsylvania","Allegheny",1992,366,219,129,13,5,0,0,182,77,46,23,120,104,0,119
"Pennsylvania","Beaver",1992,364,294,51,15,4,0,0,166,71,38,2,166,191,0,5
"Pennsylvania","Berks",1992,366,305,47,10,4,0,0,174,67,37,20,185,159,0,2
"Pennsylvania","Blair",1992,363,315,39,7,2,0,0,159,61,34,2,145,215,0,1
"Pennsylvania","Bucks",1992,366,265,73,19,8,1,0,204,90,42,13,197,151,0,5
"Pennsylvania","Cambria",1992,365,316,41,8,0,0,0,143,55,36,11,184,157,0,13
"Pennsylvania","Centre",1992,362,285,58,14,5,0,0,182,80,34,0,0,362,0,0
"Pennsylvania","Chester",1992,52,51,1,0,0,0,0,56,39,25,0,0,0,0,52
"Pennsylvania","Dauphin",1992,366,290,60,15,1,0,0,179,67,38,38,161,165,0,2
"Pennsylvania","Delaware",1992,362,282,59,17,4,0,0,179,80,40,0,212,149,0,1
"Pennsylvania","Elk",1992,361,300,43,15,3,0,0,177,71,35,0,0,361,0,0
"Pennsylvania","Erie",1992,366,310,45,8,3,0,0,197,67,36,37,114,213,0,2
"Pennsylvania","Lackawanna",1992,366,312,44,8,2,0,0,166,64,37,1,173,192,0,0
"Pennsylvania","Lancaster",1992,366,303,45,14,4,0,0,179,77,35,4,158,198,0,6
"Pennsylvania","Lawrence",1992,366,316,45,4,1,0,0,151,54,36,4,206,144,0,12
"Pennsylvania","Lehigh",1992,366,316,37,12,1,0,0,159,58,37,24,164,177,0,1
"Pennsylvania","Luzerne",1992,366,322,36,5,3,0,0,154,56,35,9,141,214,0,2
"Pennsylvania","Lycoming",1992,365,349,11,5,0,0,0,133,44,27,0,0,351,0,14
"Pennsylvania","Mercer",1992,366,297,48,15,6,0,0,197,74,34,0,0,360,0,6
"Pennsylvania","Montgomery",1992,366,287,54,19,5,1,0,201,80,38,2,172,190,0,2
"Pennsylvania","Northampton",1992,366,298,49,17,2,0,0,182,71,37,3,197,165,0,1
"Pennsylvania","Perry",1992,359,318,31,10,0,0,0,133,54,30,0,76,277,0,6
"Pennsylvania","Philadelphia",1992,366,187,145,23,10,1,0,205,100,48,27,248,76,0,15
"Pennsylvania","Schuylkill",1992,341,341,0,0,0,0,0,38,15,8,341,0,0,0,0
"Pennsylvania","Somerset",1992,363,308,48,6,1,0,0,156,64,34,0,0,363,0,0
"Pennsylvania","Washington",1992,366,288,63,14,1,0,0,179,73,38,1,222,143,0,0
"Pennsylvania","Westmoreland",1992,223,212,10,1,0,0,0,112,42,28,0,0,181,0,42
"Pennsylvania","York",1992,366,284,62,19,1,0,0,177,77,39,5,201,155,0,5
"Puerto Rico","Barceloneta",1992,58,55,3,0,0,0,0,66,45,18,0,0,0,0,58
"Puerto Rico","Bayamon",1992,57,52,5,0,0,0,0,67,46,19,0,0,0,0,57
"Puerto Rico","Carolina",1992,57,53,4,0,0,0,0,67,43,19,0,0,0,0,57
"Puerto Rico","Fajardo",1992,55,51,4,0,0,0,0,70,43,19,0,0,0,0,55
"Puerto Rico","Guayama",1992,61,58,3,0,0,0,0,70,37,19,0,0,0,0,61
"Puerto Rico","Guaynabo",1992,364,330,34,0,0,0,0,75,50,27,0,0,0,0,364
"Puerto Rico","Manati",1992,61,57,4,0,0,0,0,69,44,19,0,0,0,0,61
"Puerto Rico","Ponce",1992,61,56,5,0,0,0,0,68,46,24,0,0,0,0,61
"Puerto Rico","San Juan",1992,363,297,66,0,0,0,0,80,54,41,313,0,0,0,50
"Puerto Rico","Toa Baja",1992,114,114,0,0,0,0,0,44,35,25,0,0,114,0,0
"Rhode Island","Kent",1992,214,170,26,15,3,0,0,200,87,38,0,0,214,0,0
"Rhode Island","Providence",1992,366,310,46,7,3,0,0,174,61,37,66,206,86,0,8
"South Carolina","Abbeville",1992,327,266,50,10,1,0,0,161,67,36,0,0,327,0,0
"South Carolina","Aiken",1992,323,283,33,7,0,0,0,136,54,33,0,5,307,0,11
"South Carolina","Anderson",1992,342,276,58,7,1,0,0,154,71,37,0,0,342,0,0
"South Carolina","Barnwell",1992,324,263,48,11,2,0,0,154,71,33,0,31,277,0,16
"South Carolina","Berkeley",1992,360,310,40,10,0,0,0,136,61,33,0,0,360,0,0
"South Carolina","Charleston",1992,366,309,50,6,0,1,0,203,61,36,14,41,252,0,59
"South Carolina","Cherokee",1992,360,269,68,20,3,0,0,197,87,39,0,0,360,0,0
"South Carolina","Chester",1992,332,243,74,13,2,0,0,154,84,39,0,0,332,0,0
"South Carolina","Colleton",1992,239,194,33,11,1,0,0,161,80,36,0,0,239,0,0
"South Carolina","Edgefield",1992,321,281,33,7,0,0,0,126,58,34,0,0,321,0,0
"South Carolina","Fairfield",1992,59,56,3,0,0,0,0,66,41,21,0,0,0,0,59
"South Carolina","Georgetown",1992,328,293,35,0,0,0,0,92,51,30,0,0,0,0,328
"South Carolina","Greenville",1992,250,233,17,0,0,0,0,78,49,33,0,221,0,0,29
"South Carolina","Lexington",1992,354,273,81,0,0,0,0,82,57,33,0,0,0,0,354
"South Carolina","Oconee",1992,346,309,33,4,0,0,0,115,54,34,5,2,339,0,0
"South Carolina","Pickens",1992,353,275,64,14,0,0,0,140,77,38,0,0,353,0,0
"South Carolina","Richland",1992,366,207,138,19,2,0,0,166,87,47,17,28,207,0,114
"South Carolina","Spartanburg",1992,298,261,30,6,1,0,0,151,61,30,0,0,298,0,0
"South Carolina","Union",1992,298,245,44,9,0,0,0,143,67,36,0,0,298,0,0
"South Carolina","Williamsburg",1992,334,280,44,8,2,0,0,159,64,37,0,0,334,0,0
"South Carolina","York",1992,261,225,27,9,0,0,0,136,61,31,0,0,236,0,25
"South Dakota","Brookings",1992,53,53,0,0,0,0,0,49,40,19,0,0,0,0,53
"South Dakota","Jackson",1992,214,207,7,0,0,0,0,71,45,33,0,0,154,60,0
"South Dakota","Minnehaha",1992,61,60,1,0,0,0,0,52,42,20,0,0,0,0,61
"South Dakota","Pennington",1992,359,302,55,2,0,0,0,118,54,27,0,0,0,0,359
"Tennessee","Anderson",1992,212,154,45,11,2,0,0,156,80,42,0,0,212,0,0
"Tennessee","Blount",1992,358,244,94,16,4,0,0,172,87,43,0,0,310,46,2
"Tennessee","Bradley",1992,334,333,1,0,0,0,0,57,34,21,0,307,0,0,27
"Tennessee","Claiborne",1992,358,285,63,10,0,0,0,147,74,39,0,0,358,0,0
"Tennessee","Davidson",1992,366,295,69,2,0,0,0,143,57,38,108,118,93,0,47
"Tennessee","DeKalb",1992,360,301,53,4,2,0,0,156,64,36,0,0,360,0,0
"Tennessee","Hamilton",1992,364,288,56,19,1,0,0,156,77,37,0,0,348,0,16
"Tennessee","Jefferson",1992,207,134,53,14,6,0,0,179,100,45,0,0,207,0,0
"Tennessee","Knox",1992,366,277,72,14,3,0,0,166,84,38,139,0,201,0,26
"Tennessee","Madison",1992,59,57,2,0,0,0,0,69,39,27,0,0,0,0,59
"Tennessee","Maury",1992,196,165,25,6,0,0,0,143,61,37,0,18,134,0,44
"Tennessee","McMinn",1992,325,316,9,0,0,0,0,67,41,23,0,283,0,0,42
"Tennessee","Moore",1992,9,9,0,0,0,0,0,36,36,17,0,0,0,0,9
"Tennessee","Roane",1992,38,37,1,0,0,0,0,51,40,26,0,0,0,0,38
"Tennessee","Rutherford",1992,190,154,34,2,0,0,0,122,61,39,0,0,190,0,0
"Tennessee","Sevier",1992,242,181,52,9,0,0,0,129,74,42,0,0,242,0,0
"Tennessee","Shelby",1992,366,193,127,36,10,0,0,179,105,49,114,78,169,0,5
"Tennessee","Sullivan",1992,341,261,69,8,3,0,0,177,74,40,9,152,145,0,35
"Tennessee","Sumner",1992,214,127,67,14,5,1,0,202,100,45,0,16,198,0,0
"Tennessee","Union",1992,55,54,1,0,0,0,0,62,43,30,0,0,0,0,55
"Tennessee","Williamson",1992,207,146,55,6,0,0,0,143,87,42,0,6,201,0,0
"Tennessee","Wilson",1992,187,132,49,6,0,0,0,129,77,42,0,0,187,0,0
"Texas","Bell",1992,60,59,1,0,0,0,0,55,28,15,0,0,0,0,60
"Texas","Bexar",1992,366,323,33,9,1,0,0,159,54,33,73,0,281,0,12
"Texas","Brazoria",1992,286,243,23,10,9,1,0,201,77,32,0,0,286,0,0
"Texas","Brewster",1992,337,310,27,0,0,0,0,74,49,39,0,0,326,11,0
"Texas","Cameron",1992,59,55,4,0,0,0,0,66,47,26,0,0,0,0,59
"Texas","Carson",1992,17,16,1,0,0,0,0,58,35,17,0,0,0,0,17
"Texas","Collin",1992,213,143,42,24,2,2,0,212,112,44,0,0,213,0,0
"Texas","Comal",1992,14,14,0,0,0,0,0,20,19,13,0,0,0,0,14
"Texas","Culberson",1992,283,218,64,1,0,0,0,101,67,44,0,0,245,38,0
"Texas","Dallas",1992,366,251,88,20,6,1,0,217,93,46,10,147,204,0,5
"Texas","Denton",1992,361,268,59,21,11,2,0,214,100,33,0,0,361,0,0
"Texas","El Paso",1992,366,158,177,28,3,0,0,172,100,57,49,175,124,0,18
"Texas","Ellis",1992,64,60,4,0,0,0,0,73,46,23,0,0,0,0,64
"Texas","Galveston",1992,328,314,12,1,1,0,0,177,45,30,0,0,309,0,19
"Texas","Gregg",1992,292,211,70,9,2,0,0,166,90,42,0,0,292,0,0
"Texas","Hardin",1992,258,214,32,11,1,0,0,161,74,36,0,0,258,0,0
"Texas","Harris",1992,366,176,131,29,18,12,0,264,133,54,40,138,161,0,27
"Texas","Jefferson",1992,365,258,60,37,8,2,0,205,112,41,5,24,331,0,5
"Texas","Lubbock",1992,170,165,5,0,0,0,0,62,32,19,0,0,0,0,170
"Texas","Nueces",1992,364,319,31,12,2,0,0,169,58,31,0,0,347,0,17
"Texas","Orange",1992,343,271,54,12,6,0,0,200,77,38,0,74,269,0,0
"Texas","Potter",1992,53,53,0,0,0,0,0,30,22,15,0,0,0,0,53
"Texas","Smith",1992,53,52,1,0,0,0,0,61,26,16,0,0,0,0,53
"Texas","Tarrant",1992,366,276,69,16,3,2,0,214,80,41,16,85,262,0,3
"Texas","Travis",1992,365,289,55,20,1,0,0,161,80,38,22,74,263,0,6
"Texas","Tyler",1992,149,124,19,5,1,0,0,151,64,39,0,0,149,0,0
"Texas","Victoria",1992,305,270,28,7,0,0,0,133,54,34,0,0,305,0,0
"Texas","Webb",1992,48,45,3,0,0,0,0,85,48,26,0,0,0,0,48
"Texas","Wichita",1992,49,48,1,0,0,0,0,56,32,21,0,0,0,0,49
"Utah","Davis",1992,366,247,106,13,0,0,0,119,77,44,39,155,166,0,6
"Utah","Garfield",1992,66,66,0,0,0,0,0,22,20,12,0,0,0,66,0
"Utah","Grand",1992,187,154,33,0,0,0,0,97,61,43,0,0,144,9,34
"Utah","Iron",1992,58,54,4,0,0,0,0,66,34,19,0,0,0,0,58
"Utah","Salt Lake",1992,366,166,179,21,0,0,0,123,90,53,18,105,125,0,118
"Utah","San Juan",1992,182,173,9,0,0,0,0,67,48,34,0,0,115,67,0
"Utah","Utah",1992,366,200,153,12,1,0,0,157,83,50,108,78,118,0,62
"Utah","Weber",1992,366,216,143,7,0,0,0,114,74,48,80,124,132,0,30
"Vermont","Bennington",1992,249,206,31,11,1,0,0,156,67,39,0,0,194,55,0
"Vermont","Chittenden",1992,366,328,30,4,4,0,0,164,51,33,42,139,179,0,6
"Vermont","Rutland",1992,362,355,7,0,0,0,0,60,34,21,89,240,0,0,33
"Vermont","Washington",1992,51,48,3,0,0,0,0,54,43,19,0,0,0,0,51
"Vermont","Windham",1992,56,55,1,0,0,0,0,58,35,18,0,0,0,0,56
"Virgin Islands","St John",1992,89,72,17,0,0,0,0,97,62,21,0,0,0,89,0
"Virginia","Alexandria City",1992,366,246,109,10,1,0,0,161,64,43,1,317,48,0,0
"Virginia","Amherst",1992,213,132,74,6,1,0,0,151,80,46,0,0,213,0,0
"Virginia","Arlington",1992,366,248,90,25,3,0,0,177,87,42,5,280,81,0,0
"Virginia","Augusta",1992,289,241,41,6,1,0,0,166,64,33,0,0,289,0,0
"Virginia","Bristol City",1992,61,61,0,0,0,0,0,47,35,21,0,0,0,0,61
"Virginia","Buchanan",1992,12,12,0,0,0,0,0,39,37,19,0,0,0,0,12
"Virginia","Campbell",1992,59,59,0,0,0,0,0,36,31,19,0,0,0,0,59
"Virginia","Carroll",1992,61,60,1,0,0,0,0,51,36,21,0,0,0,0,61
"Virginia","Charles",1992,203,125,57,18,3,0,0,195,101,45,0,0,203,0,0
"Virginia","Charlottesville City",1992,60,60,0,0,0,0,0,35,32,19,0,0,0,0,60
"Virginia","Chesapeake City",1992,55,55,0,0,0,0,0,50,33,19,0,0,0,0,55
"Virginia","Chesterfield",1992,238,159,64,13,2,0,0,182,90,44,0,0,210,0,28
"Virginia","Covington City",1992,56,54,2,0,0,0,0,52,36,22,0,0,0,0,56
"Virginia","Culpeper",1992,42,42,0,0,0,0,0,40,33,19,0,0,0,0,42
"Virginia","Fairfax",1992,366,175,154,27,10,0,0,192,101,52,2,262,102,0,0
"Virginia","Fairfax City",1992,123,115,8,0,0,0,0,67,47,33,0,63,14,0,46
"Virginia","Fauquier",1992,207,131,63,11,2,0,0,166,97,45,0,0,207,0,0
"Virginia","Frederick",1992,214,143,56,14,1,0,0,159,90,44,0,0,214,0,0
"Virginia","Fredericksburg City",1992,59,59,0,0,0,0,0,39,31,18,0,0,0,0,59
"Virginia","Giles",1992,361,252,97,11,1,0,0,156,80,42,0,0,361,0,0
"Virginia","Hampton City",1992,237,158,56,20,2,1,0,206,100,42,0,0,211,0,26
"Virginia","Hanover",1992,210,120,59,26,5,0,0,190,119,47,0,0,210,0,0
"Virginia","Henrico",1992,237,164,52,17,4,0,0,197,97,42,0,0,209,0,28
"Virginia","King William",1992,61,61,0,0,0,0,0,49,30,15,0,0,0,0,61
"Virginia","Loudoun",1992,59,59,0,0,0,0,0,34,29,17,0,0,0,0,59
"Virginia","Lynchburg City",1992,61,61,0,0,0,0,0,46,36,20,0,0,0,0,61
"Virginia","Madison",1992,355,233,102,19,1,0,0,174,87,43,0,0,318,37,0
"Virginia","Martinsville City",1992,59,59,0,0,0,0,0,46,34,19,0,0,0,0,59
"Virginia","Newport News City",1992,366,366,0,0,0,0,0,48,20,11,366,0,0,0,0
"Virginia","Norfolk City",1992,366,327,38,1,0,0,0,106,51,36,17,345,0,0,4
"Virginia","Northumberland",1992,43,42,1,0,0,0,0,54,38,18,0,0,0,0,43
"Virginia","Prince Edward",1992,350,267,71,11,1,0,0,164,80,38,0,0,350,0,0
"Virginia","Prince William",1992,195,143,39,11,2,0,0,179,93,38,0,0,161,0,34
"Virginia","Richmond City",1992,366,308,57,1,0,0,0,101,55,37,5,353,0,0,8
"Virginia","Roanoke",1992,365,293,66,6,0,0,0,140,74,37,0,127,238,0,0
"Virginia","Roanoke City",1992,61,57,4,0,0,0,0,63,48,32,0,0,0,0,61
"Virginia","Smyth",1992,61,59,2,0,0,0,0,57,35,19,0,0,0,0,61
"Virginia","Stafford",1992,61,54,7,0,0,0,0,93,54,35,0,0,61,0,0
"Virginia","Suffolk City",1992,238,147,66,19,4,2,0,217,105,46,0,0,214,0,24
"Virginia","Warren",1992,346,272,66,7,1,0,0,159,71,37,0,0,338,0,8
"Virginia","Winchester City",1992,61,61,0,0,0,0,0,37,31,20,0,0,0,0,61
"Virginia","Wythe",1992,214,145,64,5,0,0,0,136,80,45,0,0,214,0,0
"Virginia","York",1992,57,57,0,0,0,0,0,48,32,18,0,0,0,0,57
"Washington","Asotin",1992,60,58,2,0,0,0,0,55,43,27,0,0,0,0,60
"Washington","Benton",1992,325,315,8,1,0,0,1,492,35,19,0,0,0,0,325
"Washington","Chelan",1992,44,44,0,0,0,0,0,38,31,18,0,0,0,0,44
"Washington","Clallam",1992,282,280,2,0,0,0,0,62,36,22,0,0,240,0,42
"Washington","Clark",1992,357,307,49,0,1,0,0,179,56,31,284,0,61,0,12
"Washington","Cowlitz",1992,60,60,0,0,0,0,0,43,35,19,0,0,0,0,60
"Washington","Grays Harbor",1992,56,56,0,0,0,0,0,47,35,24,0,0,0,0,56
"Washington","Jefferson",1992,16,16,0,0,0,0,0,33,31,21,0,0,0,0,16
"Washington","King",1992,366,206,144,12,4,0,0,172,80,49,239,0,81,0,46
"Washington","Kitsap",1992,61,60,1,0,0,0,0,62,38,19,0,0,0,0,61
"Washington","Mason",1992,18,17,1,0,0,0,0,51,48,28,0,0,0,0,18
"Washington","Pierce",1992,366,267,87,11,1,0,0,156,69,40,112,0,126,9,119
"Washington","Snohomish",1992,366,185,181,0,0,0,0,96,70,50,360,0,0,0,6
"Washington","Spokane",1992,366,133,219,12,1,0,1,699,85,57,282,0,40,0,44
"Washington","Stevens",1992,23,8,15,0,0,0,0,95,79,61,0,0,0,0,23
"Washington","Thurston",1992,303,292,11,0,0,0,0,74,42,23,210,0,0,0,93
"Washington","Walla Walla",1992,67,55,12,0,0,0,0,85,55,27,0,0,0,0,67
"Washington","Whatcom",1992,212,207,5,0,0,0,0,74,43,34,0,0,179,0,33
"Washington","Yakima",1992,359,246,112,1,0,0,0,103,62,41,332,0,0,0,27
"West Virginia","Brooke",1992,307,273,34,0,0,0,0,74,52,29,0,0,0,0,307
"West Virginia","Cabell",1992,339,274,57,8,0,0,0,140,65,39,0,159,180,0,0
"West Virginia","Gilmer",1992,357,309,45,3,0,0,0,126,61,33,0,0,357,0,0
"West Virginia","Greenbrier",1992,340,261,63,5,11,0,0,187,77,39,0,28,312,0,0
"West Virginia","Hancock",1992,366,272,87,7,0,0,0,136,70,36,14,34,84,0,234
"West Virginia","Kanawha",1992,365,359,6,0,0,0,0,84,41,26,13,207,123,0,22
"West Virginia","Ohio",1992,366,309,47,10,0,0,0,150,58,32,80,0,269,0,17
"West Virginia","Tucker",1992,354,269,79,6,0,0,0,133,71,37,0,0,293,61,0
"West Virginia","Wayne",1992,355,355,0,0,0,0,0,46,17,7,314,0,0,0,41
"West Virginia","Wood",1992,334,289,40,5,0,0,0,129,61,32,0,65,255,0,14
"Wisconsin","Brown",1992,214,188,23,3,0,0,0,108,54,30,0,0,183,0,31
"Wisconsin","Columbia",1992,203,166,24,12,1,0,0,154,77,37,0,0,203,0,0
"Wisconsin","Dane",1992,364,326,23,13,2,0,0,154,51,27,116,0,189,0,59
"Wisconsin","Dodge",1992,180,137,29,12,2,0,0,172,90,39,0,0,180,0,0
"Wisconsin","Door",1992,184,149,22,13,0,0,0,147,80,33,0,0,184,0,0
"Wisconsin","Douglas",1992,65,63,2,0,0,0,0,55,34,21,0,0,0,0,65
"Wisconsin","Florence",1992,265,247,15,3,0,0,0,140,46,30,0,0,265,0,0
"Wisconsin","Fond du Lac",1992,178,137,28,11,2,0,0,159,93,39,0,0,178,0,0
"Wisconsin","Jefferson",1992,184,148,22,13,1,0,0,169,74,36,0,0,184,0,0
"Wisconsin","Kenosha",1992,289,232,34,15,6,2,0,237,90,37,9,100,180,0,0
"Wisconsin","Kewaunee",1992,180,146,27,7,0,0,0,129,80,35,0,0,180,0,0
"Wisconsin","Manitowoc",1992,183,145,25,13,0,0,0,150,93,35,0,0,183,0,0
"Wisconsin","Marathon",1992,270,233,29,7,1,0,0,166,67,35,0,0,270,0,0
"Wisconsin","Milwaukee",1992,366,294,52,17,3,0,0,177,71,38,7,244,109,0,6
"Wisconsin","Outagamie",1992,183,156,22,5,0,0,0,140,67,34,0,0,183,0,0
"Wisconsin","Ozaukee",1992,214,179,21,13,1,0,0,151,87,34,0,0,214,0,0
"Wisconsin","Polk",1992,182,161,17,4,0,0,0,108,54,31,0,0,182,0,0
"Wisconsin","Racine",1992,366,330,26,7,2,1,0,218,50,30,200,0,166,0,0
"Wisconsin","Rock",1992,184,151,19,12,2,0,0,159,84,36,0,0,184,0,0
"Wisconsin","Sheboygan",1992,179,147,20,12,0,0,0,150,87,34,0,0,179,0,0
"Wisconsin","St. Croix",1992,366,347,15,4,0,0,0,129,43,18,185,0,181,0,0
"Wisconsin","Taylor",1992,347,311,29,7,0,0,0,136,51,32,0,0,347,0,0
"Wisconsin","Vernon",1992,285,256,25,4,0,0,0,136,54,31,0,0,265,0,20
"Wisconsin","Vilas",1992,58,58,0,0,0,0,0,34,31,7,0,0,15,0,43
"Wisconsin","Walworth",1992,270,228,28,10,4,0,0,172,71,36,0,0,270,0,0
"Wisconsin","Washington",1992,213,175,26,11,1,0,0,179,80,35,0,0,183,0,30
"Wisconsin","Waukesha",1992,366,334,22,9,1,0,0,164,49,26,131,0,162,0,73
"Wisconsin","Winnebago",1992,344,310,27,6,1,0,0,151,50,26,164,0,180,0,0
"Wyoming","Albany",1992,348,263,84,1,0,0,0,105,64,45,0,0,339,0,9
"Wyoming","Campbell",1992,61,54,7,0,0,0,0,79,51,24,0,0,0,0,61
"Wyoming","Fremont",1992,180,140,40,0,0,0,0,85,65,22,0,0,0,0,180
"Wyoming","Laramie",1992,58,58,0,0,0,0,0,32,23,15,0,0,0,0,58
"Wyoming","Natrona",1992,56,56,0,0,0,0,0,44,35,19,0,0,0,0,56
"Wyoming","Park",1992,119,119,0,0,0,0,0,47,25,14,0,0,0,0,119
"Wyoming","Sheridan",1992,265,211,54,0,0,0,0,86,58,31,0,0,0,0,265
"Wyoming","Sublette",1992,354,275,79,0,0,0,0,93,64,44,0,0,348,6,0
"Wyoming","Sweetwater",1992,248,219,27,0,2,0,0,163,53,26,0,0,0,0,248
"Wyoming","Teton",1992,335,308,27,0,0,0,0,90,49,38,0,0,300,16,19
